Id,Title,Desc
"1", "Introduce Yourself", "Tell us a bit about who you are and what brings you here"
"2", "Favorite Movies", "Share your favorite movies and why you love them"
"3", "Travel Tips", "Share your favorite travel tips and destinations"
"4", "Cooking and Recipes", "Share your favorite recipes and cooking techniques"
"5", "Fitness and Health", "Discuss fitness and health-related topics and tips"
"6", "Pet Lovers", "Share pictures and stories of your beloved pets"
"7", "DIY Projects", "Share your DIY project ideas and tips"
"8", "Fashion and Style", "Discuss fashion and style-related topics and trends"
"9", "Book Club", "Discuss your favorite books and book recommendations"
"10", "Technology and Gadgets", "Discuss the latest technology and gadgets on the market"
"11", "Music Lovers", "Share your favorite artists and music genres"
"12", "Art and Design", "Discuss art and design-related topics and share your favorite artists"
"13", "Sports Fans", "Discuss your favorite sports teams and players"
"14", "Gaming Community", "Discuss your favorite games and gaming platforms"
"15", "Parenting Tips", "Share your parenting tips and experiences"
"16", "Business and Entrepreneurship", "Discuss business-related topics and entrepreneurship"
"17", "Photography Enthusiasts", "Share your favorite photography techniques and photos"
"18", "Science and Technology", "Discuss the latest scientific breakthroughs and technology advancements"
"19", "Movie Reviews", "Share your movie reviews and recommendations"
"20", "Fitness Challenges", "Join fitness challenges and motivate each other to stay active"
