"ID","Username","Login","RegisterDate","MessageCount","Password"
"1","JohnDoe","johndoe123","2022-01-01 10:00:00","100","p@ssw0rd"
"2","JaneSmith","janesmith456","2022-01-02 11:30:00","75","qwerty123"
"3","MarkJohnson","markj25","2022-01-03 14:45:00","50","12345abc"
"4","SarahLee","sarahlee99","2022-01-04 16:20:00","25","password123"
"5","DavidWang","davidw333","2022-01-05 18:10:00","10","mypassword"
"6","EmilyZhang","emilyz11","2022-01-06 20:00:00","5","abc123"
"7","MichaelChen","michaelc88","2022-01-07 22:00:00","200","12345678"
"8","LauraKim","laurakim22","2022-01-08 09:00:00","150","iloveyou"
"9","JamesPark","jamesp777","2022-01-09 12:00:00","100","password1"
"10","EmmaLee","emmalee11","2022-01-10 15:00:00","50","sunshine"
"11","WilliamChoi","williamc44","2022-01-11 17:00:00","25","qwertyuiop"
"12","GraceKang","gracek55","2022-01-12 19:00:00","10","letmein"
"13","RyanYoo","ryanyoo66","2022-01-13 21:00:00","5","asdfghjkl"
"14","SophiaKwon","sophiakwon77","2022-01-14 10:00:00","200","password1234"
"15","EthanKim","ethankim88","2022-01-15 11:00:00","150","iloveyou2"
"16","GraceLee","gracelee22","2022-01-16 12:00:00","100","abcdefg"
"17","DanielKim","danielk11","2022-01-17 13:00:00","50","password2"
"18","ChloeSong","chloes22","2022-01-18 14:00:00","25","qwerty1234"
"19","RyanPark","ryanp33","2022-01-19 15:00:00","10","letmein2"
